[{"model": "admin.logentry", "pk": 1, "fields": {"action_time": "2022-12-02T07:09:37.786Z", "user": 1, "content_type": 7, "object_id": "1", "object_repr": "Программист", "action_flag": 1, "change_message": "[{\"added\": {}}]"}}, {"model": "admin.logentry", "pk": 2, "fields": {"action_time": "2022-12-02T07:09:45.635Z", "user": 1, "content_type": 7, "object_id": "2", "object_repr": "Металлург", "action_flag": 1, "change_message": "[{\"added\": {}}]"}}, {"model": "admin.logentry", "pk": 3, "fields": {"action_time": "2022-12-02T07:12:22.909Z", "user": 1, "content_type": 8, "object_id": "1", "object_repr": "Что такое if?", "action_flag": 1, "change_message": "[{\"added\": {}}, {\"added\": {\"name\": \"\\u043e\\u0442\\u0432\\u0435\\u0442\", \"object\": \"\\u0423\\u0441\\u043b\\u043e\\u0432\\u043d\\u044b\\u0439 \\u043e\\u043f\\u0435\\u0440\\u0430\\u0442\\u043e\\u0440 \\u0435\\u0441\\u043b\\u0438\"}}, {\"added\": {\"name\": \"\\u043e\\u0442\\u0432\\u0435\\u0442\", \"object\": \"\\u041e\\u043f\\u0435\\u0440\\u0430\\u0442\\u043e\\u0440 \\u0446\\u0438\\u043a\\u043b\\u0430\"}}, {\"added\": {\"name\": \"\\u043e\\u0442\\u0432\\u0435\\u0442\", \"object\": \"\\u0422\\u0438\\u043f Boolian\"}}, {\"added\": {\"name\": \"\\u043e\\u0442\\u0432\\u0435\\u0442\", \"object\": \"\\u041e\\u043f\\u0435\\u0440\\u0430\\u0442\\u043e\\u0440 \\u0441\\u0440\\u0430\\u0432\\u043d\\u0435\\u043d\\u0438\\u044f\"}}]"}}, {"model": "admin.logentry", "pk": 4, "fields": {"action_time": "2022-12-02T07:13:47.466Z", "user": 1, "content_type": 8, "object_id": "2", "object_repr": "В чем измеряется величина компьютерных данных?", "action_flag": 1, "change_message": "[{\"added\": {}}, {\"added\": {\"name\": \"\\u043e\\u0442\\u0432\\u0435\\u0442\", \"object\": \"\\u0411\\u0430\\u0439\\u0442\"}}, {\"added\": {\"name\": \"\\u043e\\u0442\\u0432\\u0435\\u0442\", \"object\": \"\\u041c\\u0411\"}}, {\"added\": {\"name\": \"\\u043e\\u0442\\u0432\\u0435\\u0442\", \"object\": \"\\u041a\\u0411\"}}, {\"added\": {\"name\": \"\\u043e\\u0442\\u0432\\u0435\\u0442\", \"object\": \"\\u0413\\u0411\"}}]"}}, {"model": "admin.logentry", "pk": 5, "fields": {"action_time": "2022-12-02T07:19:41.802Z", "user": 1, "content_type": 8, "object_id": "3", "object_repr": "Сколько бит в одном байте?", "action_flag": 1, "change_message": "[{\"added\": {}}, {\"added\": {\"name\": \"\\u043e\\u0442\\u0432\\u0435\\u0442\", \"object\": \"1024\"}}, {\"added\": {\"name\": \"\\u043e\\u0442\\u0432\\u0435\\u0442\", \"object\": \"32\"}}, {\"added\": {\"name\": \"\\u043e\\u0442\\u0432\\u0435\\u0442\", \"object\": \"8\"}}, {\"added\": {\"name\": \"\\u043e\\u0442\\u0432\\u0435\\u0442\", \"object\": \"128\"}}]"}}, {"model": "admin.logentry", "pk": 6, "fields": {"action_time": "2022-12-02T07:21:01.147Z", "user": 1, "content_type": 8, "object_id": "4", "object_repr": "Сколько байт в одном Кб?", "action_flag": 1, "change_message": "[{\"added\": {}}, {\"added\": {\"name\": \"\\u043e\\u0442\\u0432\\u0435\\u0442\", \"object\": \"1024\"}}, {\"added\": {\"name\": \"\\u043e\\u0442\\u0432\\u0435\\u0442\", \"object\": \"32\"}}, {\"added\": {\"name\": \"\\u043e\\u0442\\u0432\\u0435\\u0442\", \"object\": \"124\"}}, {\"added\": {\"name\": \"\\u043e\\u0442\\u0432\\u0435\\u0442\", \"object\": \"8\"}}]"}}, {"model": "admin.logentry", "pk": 7, "fields": {"action_time": "2022-12-02T07:21:36.494Z", "user": 1, "content_type": 8, "object_id": "5", "object_repr": "Сколько Кб в одном Мб?", "action_flag": 1, "change_message": "[{\"added\": {}}, {\"added\": {\"name\": \"\\u043e\\u0442\\u0432\\u0435\\u0442\", \"object\": \"1024\"}}, {\"added\": {\"name\": \"\\u043e\\u0442\\u0432\\u0435\\u0442\", \"object\": \"32\"}}, {\"added\": {\"name\": \"\\u043e\\u0442\\u0432\\u0435\\u0442\", \"object\": \"124\"}}, {\"added\": {\"name\": \"\\u043e\\u0442\\u0432\\u0435\\u0442\", \"object\": \"128\"}}]"}}, {"model": "admin.logentry", "pk": 8, "fields": {"action_time": "2022-12-02T07:22:17.130Z", "user": 1, "content_type": 8, "object_id": "6", "object_repr": "Сколько Мб в одном Гб?", "action_flag": 1, "change_message": "[{\"added\": {}}, {\"added\": {\"name\": \"\\u043e\\u0442\\u0432\\u0435\\u0442\", \"object\": \"1024\"}}, {\"added\": {\"name\": \"\\u043e\\u0442\\u0432\\u0435\\u0442\", \"object\": \"128\"}}, {\"added\": {\"name\": \"\\u043e\\u0442\\u0432\\u0435\\u0442\", \"object\": \"32\"}}, {\"added\": {\"name\": \"\\u043e\\u0442\\u0432\\u0435\\u0442\", \"object\": \"1028\"}}]"}}, {"model": "admin.logentry", "pk": 9, "fields": {"action_time": "2022-12-02T07:27:49.192Z", "user": 1, "content_type": 8, "object_id": "7", "object_repr": "Что такое For?", "action_flag": 1, "change_message": "[{\"added\": {}}, {\"added\": {\"name\": \"\\u043e\\u0442\\u0432\\u0435\\u0442\", \"object\": \"\\u0423\\u0441\\u043b\\u043e\\u0432\\u043d\\u044b\\u0439 \\u043e\\u043f\\u0435\\u0440\\u0430\\u0442\\u043e\\u0440 \\u0435\\u0441\\u043b\\u0438\"}}, {\"added\": {\"name\": \"\\u043e\\u0442\\u0432\\u0435\\u0442\", \"object\": \"\\u041e\\u043f\\u0435\\u0440\\u0430\\u0442\\u043e\\u0440 \\u0446\\u0438\\u043a\\u043b\\u0430\"}}, {\"added\": {\"name\": \"\\u043e\\u0442\\u0432\\u0435\\u0442\", \"object\": \"\\u041e\\u043f\\u0435\\u0440\\u0430\\u0442\\u043e\\u0440 \\u0434\\u043e\\u0431\\u0430\\u0432\\u043b\\u0435\\u043d\\u0438\\u044f\"}}, {\"added\": {\"name\": \"\\u043e\\u0442\\u0432\\u0435\\u0442\", \"object\": \"\\u041e\\u043f\\u0435\\u0440\\u0430\\u0442\\u043e\\u0440 \\u0441\\u0440\\u0430\\u0432\\u043d\\u0435\\u043d\\u0438\\u044f\"}}]"}}, {"model": "admin.logentry", "pk": 10, "fields": {"action_time": "2022-12-02T07:28:20.302Z", "user": 1, "content_type": 8, "object_id": "8", "object_repr": "Что такое While?", "action_flag": 1, "change_message": "[{\"added\": {}}, {\"added\": {\"name\": \"\\u043e\\u0442\\u0432\\u0435\\u0442\", \"object\": \"\\u0423\\u0441\\u043b\\u043e\\u0432\\u043d\\u044b\\u0439 \\u043e\\u043f\\u0435\\u0440\\u0430\\u0442\\u043e\\u0440 \\u0435\\u0441\\u043b\\u0438\"}}, {\"added\": {\"name\": \"\\u043e\\u0442\\u0432\\u0435\\u0442\", \"object\": \"\\u041e\\u043f\\u0435\\u0440\\u0430\\u0442\\u043e\\u0440 \\u0446\\u0438\\u043a\\u043b\\u0430\"}}, {\"added\": {\"name\": \"\\u043e\\u0442\\u0432\\u0435\\u0442\", \"object\": \"\\u041e\\u043f\\u0435\\u0440\\u0430\\u0442\\u043e\\u0440 \\u0434\\u043e\\u0431\\u0430\\u0432\\u043b\\u0435\\u043d\\u0438\\u044f\"}}, {\"added\": {\"name\": \"\\u043e\\u0442\\u0432\\u0435\\u0442\", \"object\": \"\\u041e\\u043f\\u0435\\u0440\\u0430\\u0442\\u043e\\u0440 \\u0441\\u0440\\u0430\\u0432\\u043d\\u0435\\u043d\\u0438\\u044f\"}}]"}}, {"model": "admin.logentry", "pk": 11, "fields": {"action_time": "2022-12-02T07:30:05.806Z", "user": 1, "content_type": 8, "object_id": "9", "object_repr": "Как возвести во вторую степень?", "action_flag": 1, "change_message": "[{\"added\": {}}, {\"added\": {\"name\": \"\\u043e\\u0442\\u0432\\u0435\\u0442\", \"object\": \"pow(x,2)\"}}, {\"added\": {\"name\": \"\\u043e\\u0442\\u0432\\u0435\\u0442\", \"object\": \"x+x\"}}, {\"added\": {\"name\": \"\\u043e\\u0442\\u0432\\u0435\\u0442\", \"object\": \"kv(x,2)\"}}, {\"added\": {\"name\": \"\\u043e\\u0442\\u0432\\u0435\\u0442\", \"object\": \"if(x,2)\"}}]"}}, {"model": "admin.logentry", "pk": 12, "fields": {"action_time": "2022-12-02T07:34:30.288Z", "user": 1, "content_type": 8, "object_id": "10", "object_repr": "Что такое else?", "action_flag": 1, "change_message": "[{\"added\": {}}, {\"added\": {\"name\": \"\\u043e\\u0442\\u0432\\u0435\\u0442\", \"object\": \"\\u0423\\u0441\\u043b\\u043e\\u0432\\u043d\\u044b\\u0439 \\u043e\\u043f\\u0435\\u0440\\u0430\\u0442\\u043e\\u0440 \\u0435\\u0441\\u043b\\u0438 \\u043d\\u0435\\u0442\"}}, {\"added\": {\"name\": \"\\u043e\\u0442\\u0432\\u0435\\u0442\", \"object\": \"\\u041e\\u043f\\u0435\\u0440\\u0430\\u0442\\u043e\\u0440 \\u0446\\u0438\\u043a\\u043b\\u0430\"}}, {\"added\": {\"name\": \"\\u043e\\u0442\\u0432\\u0435\\u0442\", \"object\": \"\\u041e\\u043f\\u0435\\u0440\\u0430\\u0442\\u043e\\u0440 \\u0434\\u043e\\u0431\\u0430\\u0432\\u043b\\u0435\\u043d\\u0438\\u044f\"}}, {\"added\": {\"name\": \"\\u043e\\u0442\\u0432\\u0435\\u0442\", \"object\": \"\\u041e\\u043f\\u0435\\u0440\\u0430\\u0442\\u043e\\u0440 \\u0441\\u0440\\u0430\\u0432\\u043d\\u0435\\u043d\\u0438\\u044f\"}}]"}}, {"model": "admin.logentry", "pk": 13, "fields": {"action_time": "2022-12-02T07:38:45.702Z", "user": 1, "content_type": 8, "object_id": "11", "object_repr": "Что такое HardDisk?", "action_flag": 1, "change_message": "[{\"added\": {}}, {\"added\": {\"name\": \"\\u043e\\u0442\\u0432\\u0435\\u0442\", \"object\": \"\\u041f\\u0430\\u043c\\u044f\\u0442\\u044c \\u043a\\u043e\\u043c\\u043f\\u044c\\u044e\\u0442\\u0435\\u0440\\u0430\"}}, {\"added\": {\"name\": \"\\u043e\\u0442\\u0432\\u0435\\u0442\", \"object\": \"\\u041e\\u043f\\u0442\\u0438\\u0447\\u0435\\u0441\\u043a\\u0438\\u0439 \\u0434\\u0438\\u0441\\u043a\"}}, {\"added\": {\"name\": \"\\u043e\\u0442\\u0432\\u0435\\u0442\", \"object\": \"\\u041a\\u043e\\u043c\\u043f\\u0430\\u043a\\u0442 \\u0414\\u0438\\u0441\\u043a\"}}, {\"added\": {\"name\": \"\\u043e\\u0442\\u0432\\u0435\\u0442\", \"object\": \"\\u0414\\u0438\\u0441\\u043a\\u0440\\u0435\\u0442\\u043d\\u044b\\u0439 \\u0434\\u0438\\u0441\\u043a\"}}]"}}, {"model": "admin.logentry", "pk": 14, "fields": {"action_time": "2022-12-05T05:50:01.900Z", "user": 1, "content_type": 8, "object_id": "12", "object_repr": "При каких градусах плавится железо?", "action_flag": 1, "change_message": "[{\"added\": {}}, {\"added\": {\"name\": \"\\u043e\\u0442\\u0432\\u0435\\u0442\", \"object\": \"1555 \\u0433\\u0440\\u0430\\u0434\\u0443\\u0441\\u043e\\u0432\"}}, {\"added\": {\"name\": \"\\u043e\\u0442\\u0432\\u0435\\u0442\", \"object\": \"2535 \\u0433\\u0440\\u0430\\u0434\\u0443\\u0441\\u043e\\u0432\"}}, {\"added\": {\"name\": \"\\u043e\\u0442\\u0432\\u0435\\u0442\", \"object\": \"1538 \\u0433\\u0440\\u0430\\u0434\\u0443\\u0441\\u043e\\u0432\"}}, {\"added\": {\"name\": \"\\u043e\\u0442\\u0432\\u0435\\u0442\", \"object\": \"738 \\u0433\\u0440\\u0430\\u0434\\u0443\\u0441\\u043e\\u0432\"}}]"}}, {"model": "admin.logentry", "pk": 15, "fields": {"action_time": "2022-12-05T05:51:41.853Z", "user": 1, "content_type": 8, "object_id": "13", "object_repr": "При каких градусах плавится медь?", "action_flag": 1, "change_message": "[{\"added\": {}}, {\"added\": {\"name\": \"\\u043e\\u0442\\u0432\\u0435\\u0442\", \"object\": \"1083 \\u0433\\u0440\\u0430\\u0434\\u0443\\u0441\\u0430\"}}, {\"added\": {\"name\": \"\\u043e\\u0442\\u0432\\u0435\\u0442\", \"object\": \"1538 \\u0433\\u0440\\u0430\\u0434\\u0443\\u0441\\u0430\"}}, {\"added\": {\"name\": \"\\u043e\\u0442\\u0432\\u0435\\u0442\", \"object\": \"2053 \\u0433\\u0440\\u0430\\u0434\\u0443\\u0441\\u0430\"}}, {\"added\": {\"name\": \"\\u043e\\u0442\\u0432\\u0435\\u0442\", \"object\": \"989 \\u0433\\u0440\\u0430\\u0434\\u0443\\u0441\\u0430\"}}]"}}, {"model": "admin.logentry", "pk": 16, "fields": {"action_time": "2022-12-05T07:13:50.310Z", "user": 1, "content_type": 10, "object_id": "1", "object_repr": "UserInput object (1)", "action_flag": 1, "change_message": "[{\"added\": {}}]"}}, {"model": "admin.logentry", "pk": 17, "fields": {"action_time": "2022-12-06T06:53:36.877Z", "user": 1, "content_type": 10, "object_id": "13", "object_repr": "qru", "action_flag": 3, "change_message": ""}}, {"model": "admin.logentry", "pk": 18, "fields": {"action_time": "2022-12-06T06:53:59.581Z", "user": 1, "content_type": 10, "object_id": "11", "object_repr": "wsx", "action_flag": 3, "change_message": ""}}, {"model": "admin.logentry", "pk": 19, "fields": {"action_time": "2022-12-06T06:53:59.587Z", "user": 1, "content_type": 10, "object_id": "10", "object_repr": "qaz", "action_flag": 3, "change_message": ""}}, {"model": "admin.logentry", "pk": 20, "fields": {"action_time": "2022-12-06T06:53:59.593Z", "user": 1, "content_type": 10, "object_id": "9", "object_repr": "asd", "action_flag": 3, "change_message": ""}}, {"model": "admin.logentry", "pk": 21, "fields": {"action_time": "2022-12-06T06:53:59.598Z", "user": 1, "content_type": 10, "object_id": "8", "object_repr": "qwear", "action_flag": 3, "change_message": ""}}, {"model": "admin.logentry", "pk": 22, "fields": {"action_time": "2022-12-06T06:53:59.603Z", "user": 1, "content_type": 10, "object_id": "7", "object_repr": "qwea", "action_flag": 3, "change_message": ""}}, {"model": "admin.logentry", "pk": 23, "fields": {"action_time": "2022-12-06T06:53:59.608Z", "user": 1, "content_type": 10, "object_id": "6", "object_repr": "piton pytonich", "action_flag": 3, "change_message": ""}}, {"model": "admin.logentry", "pk": 24, "fields": {"action_time": "2022-12-06T06:53:59.614Z", "user": 1, "content_type": 10, "object_id": "5", "object_repr": "piton pytonich", "action_flag": 3, "change_message": ""}}, {"model": "admin.logentry", "pk": 25, "fields": {"action_time": "2022-12-06T06:53:59.619Z", "user": 1, "content_type": 10, "object_id": "4", "object_repr": "piton pytonich", "action_flag": 3, "change_message": ""}}, {"model": "admin.logentry", "pk": 26, "fields": {"action_time": "2022-12-06T06:53:59.624Z", "user": 1, "content_type": 10, "object_id": "3", "object_repr": "piton pytonich", "action_flag": 3, "change_message": ""}}, {"model": "admin.logentry", "pk": 27, "fields": {"action_time": "2022-12-06T06:53:59.629Z", "user": 1, "content_type": 10, "object_id": "2", "object_repr": "piton pytonich", "action_flag": 3, "change_message": ""}}, {"model": "admin.logentry", "pk": 28, "fields": {"action_time": "2022-12-06T06:53:59.634Z", "user": 1, "content_type": 10, "object_id": "1", "object_repr": "piton pitonich", "action_flag": 3, "change_message": ""}}, {"model": "admin.logentry", "pk": 29, "fields": {"action_time": "2022-12-06T09:05:09.232Z", "user": 1, "content_type": 8, "object_id": "1", "object_repr": "Сколько бит в одном байте?", "action_flag": 1, "change_message": "[{\"added\": {}}, {\"added\": {\"name\": \"\\u043e\\u0442\\u0432\\u0435\\u0442\", \"object\": \"8\"}}, {\"added\": {\"name\": \"\\u043e\\u0442\\u0432\\u0435\\u0442\", \"object\": \"1024\"}}, {\"added\": {\"name\": \"\\u043e\\u0442\\u0432\\u0435\\u0442\", \"object\": \"1028\"}}, {\"added\": {\"name\": \"\\u043e\\u0442\\u0432\\u0435\\u0442\", \"object\": \"32\"}}]"}}, {"model": "admin.logentry", "pk": 30, "fields": {"action_time": "2022-12-06T09:05:35.779Z", "user": 1, "content_type": 8, "object_id": "2", "object_repr": "Сколько байт в одном Килобайте?", "action_flag": 1, "change_message": "[{\"added\": {}}, {\"added\": {\"name\": \"\\u043e\\u0442\\u0432\\u0435\\u0442\", \"object\": \"32\"}}, {\"added\": {\"name\": \"\\u043e\\u0442\\u0432\\u0435\\u0442\", \"object\": \"1024\"}}, {\"added\": {\"name\": \"\\u043e\\u0442\\u0432\\u0435\\u0442\", \"object\": \"2048\"}}, {\"added\": {\"name\": \"\\u043e\\u0442\\u0432\\u0435\\u0442\", \"object\": \"128\"}}]"}}, {"model": "admin.logentry", "pk": 31, "fields": {"action_time": "2022-12-06T09:05:55.650Z", "user": 1, "content_type": 8, "object_id": "3", "object_repr": "Сколько Килобайт в одном Мегабайте?", "action_flag": 1, "change_message": "[{\"added\": {}}, {\"added\": {\"name\": \"\\u043e\\u0442\\u0432\\u0435\\u0442\", \"object\": \"8\"}}, {\"added\": {\"name\": \"\\u043e\\u0442\\u0432\\u0435\\u0442\", \"object\": \"1024\"}}, {\"added\": {\"name\": \"\\u043e\\u0442\\u0432\\u0435\\u0442\", \"object\": \"1028\"}}, {\"added\": {\"name\": \"\\u043e\\u0442\\u0432\\u0435\\u0442\", \"object\": \"128\"}}]"}}, {"model": "admin.logentry", "pk": 32, "fields": {"action_time": "2022-12-06T09:06:23.428Z", "user": 1, "content_type": 8, "object_id": "4", "object_repr": "Что такое Винчестер?", "action_flag": 1, "change_message": "[{\"added\": {}}, {\"added\": {\"name\": \"\\u043e\\u0442\\u0432\\u0435\\u0442\", \"object\": \"\\u041f\\u0430\\u043c\\u044f\\u0442 \\u043a\\u043e\\u043c\\u043f\\u044c\\u044e\\u0442\\u0435\\u0440\\u0430\"}}, {\"added\": {\"name\": \"\\u043e\\u0442\\u0432\\u0435\\u0442\", \"object\": \"\\u041e\\u043f\\u0435\\u0440\\u0430\\u0442\\u043e\\u0440 \\u0446\\u0438\\u043a\\u043b\\u0430\"}}, {\"added\": {\"name\": \"\\u043e\\u0442\\u0432\\u0435\\u0442\", \"object\": \"\\u041e\\u043f\\u0435\\u0440\\u0430\\u0442\\u043e\\u0440 \\u0434\\u043e\\u0431\\u0430\\u0432\\u043b\\u0435\\u043d\\u0438\\u044f\"}}, {\"added\": {\"name\": \"\\u043e\\u0442\\u0432\\u0435\\u0442\", \"object\": \"\\u041e\\u0440\\u0438\\u0435\\u043d\\u0442\\u0438\\u0440\\u043e\\u0432\\u0430\\u043d\\u043d\\u043e-\\u041e\\u0431\\u044a\\u0435\\u043a\\u0442\\u043d\\u043e\\u0435-\\u041f\\u0440\\u043e\\u0433\\u0440\\u0430\\u043c\\u043c\\u0438\\u0440\\u043e\\u0432\\u0430\\u043d\\u0438\\u0435\"}}]"}}, {"model": "admin.logentry", "pk": 33, "fields": {"action_time": "2022-12-06T09:06:48.485Z", "user": 1, "content_type": 8, "object_id": "5", "object_repr": "Что такое if ?", "action_flag": 1, "change_message": "[{\"added\": {}}, {\"added\": {\"name\": \"\\u043e\\u0442\\u0432\\u0435\\u0442\", \"object\": \"\\u0423\\u0441\\u043b\\u043e\\u0432\\u043d\\u044b\\u0439 \\u043e\\u043f\\u0435\\u0440\\u0430\\u0442\\u043e\\u0440 \\u0435\\u0441\\u043b\\u0438\"}}, {\"added\": {\"name\": \"\\u043e\\u0442\\u0432\\u0435\\u0442\", \"object\": \"\\u041e\\u043f\\u0435\\u0440\\u0430\\u0442\\u043e\\u0440 \\u0446\\u0438\\u043a\\u043b\\u0430\"}}, {\"added\": {\"name\": \"\\u043e\\u0442\\u0432\\u0435\\u0442\", \"object\": \"\\u041e\\u043f\\u0435\\u0440\\u0430\\u0442\\u043e\\u0440 \\u0434\\u043e\\u0431\\u0430\\u0432\\u043b\\u0435\\u043d\\u0438\\u044f\"}}, {\"added\": {\"name\": \"\\u043e\\u0442\\u0432\\u0435\\u0442\", \"object\": \"Boolian\"}}]"}}, {"model": "admin.logentry", "pk": 34, "fields": {"action_time": "2022-12-06T09:07:14.987Z", "user": 1, "content_type": 8, "object_id": "6", "object_repr": "Что такое For ?", "action_flag": 1, "change_message": "[{\"added\": {}}, {\"added\": {\"name\": \"\\u043e\\u0442\\u0432\\u0435\\u0442\", \"object\": \"\\u041f\\u0430\\u043c\\u044f\\u0442 \\u043a\\u043e\\u043c\\u043f\\u044c\\u044e\\u0442\\u0435\\u0440\\u0430\"}}, {\"added\": {\"name\": \"\\u043e\\u0442\\u0432\\u0435\\u0442\", \"object\": \"\\u041e\\u043f\\u0435\\u0440\\u0430\\u0442\\u043e\\u0440 \\u0446\\u0438\\u043a\\u043b\\u0430\"}}, {\"added\": {\"name\": \"\\u043e\\u0442\\u0432\\u0435\\u0442\", \"object\": \"\\u041e\\u043f\\u0435\\u0440\\u0430\\u0442\\u043e\\u0440 \\u0434\\u043e\\u0431\\u0430\\u0432\\u043b\\u0435\\u043d\\u0438\\u044f\"}}, {\"added\": {\"name\": \"\\u043e\\u0442\\u0432\\u0435\\u0442\", \"object\": \"\\u041e\\u0440\\u0438\\u0435\\u043d\\u0442\\u0438\\u0440\\u043e\\u0432\\u0430\\u043d\\u043d\\u043e-\\u041e\\u0431\\u044a\\u0435\\u043a\\u0442\\u043d\\u043e\\u0435-\\u041f\\u0440\\u043e\\u0433\\u0440\\u0430\\u043c\\u043c\\u0438\\u0440\\u043e\\u0432\\u0430\\u043d\\u0438\\u0435\"}}]"}}, {"model": "admin.logentry", "pk": 35, "fields": {"action_time": "2022-12-06T09:09:17.265Z", "user": 1, "content_type": 8, "object_id": "7", "object_repr": "Что такое While ?", "action_flag": 1, "change_message": "[{\"added\": {}}, {\"added\": {\"name\": \"\\u043e\\u0442\\u0432\\u0435\\u0442\", \"object\": \"\\u0413\\u0440\\u0430\\u0444\\u0438\\u0447\\u0435\\u0441\\u043a\\u0438\\u0439 \\u0438\\u043d\\u0442\\u0435\\u0440\\u0444\\u0435\\u0439\\u0441\"}}, {\"added\": {\"name\": \"\\u043e\\u0442\\u0432\\u0435\\u0442\", \"object\": \"\\u041e\\u043f\\u0435\\u0440\\u0430\\u0442\\u043e\\u0440 \\u0446\\u0438\\u043a\\u043b\\u0430\"}}, {\"added\": {\"name\": \"\\u043e\\u0442\\u0432\\u0435\\u0442\", \"object\": \"\\u041e\\u043f\\u0435\\u0440\\u0430\\u0442\\u043e\\u0440 \\u0434\\u043e\\u0431\\u0430\\u0432\\u043b\\u0435\\u043d\\u0438\\u044f\"}}, {\"added\": {\"name\": \"\\u043e\\u0442\\u0432\\u0435\\u0442\", \"object\": \"Boolian\"}}]"}}, {"model": "admin.logentry", "pk": 36, "fields": {"action_time": "2022-12-06T09:10:10.064Z", "user": 1, "content_type": 8, "object_id": "8", "object_repr": "Что такое  else?", "action_flag": 1, "change_message": "[{\"added\": {}}, {\"added\": {\"name\": \"\\u043e\\u0442\\u0432\\u0435\\u0442\", \"object\": \"\\u0423\\u0441\\u043b\\u043e\\u0432\\u043d\\u044b\\u0439 \\u043e\\u043f\\u0435\\u0440\\u0430\\u0442\\u043e\\u0440 \\u0435\\u0441\\u043b\\u0438 \\u043d\\u0435\\u0442\"}}, {\"added\": {\"name\": \"\\u043e\\u0442\\u0432\\u0435\\u0442\", \"object\": \"\\u041e\\u043f\\u0435\\u0440\\u0430\\u0442\\u043e\\u0440 \\u0446\\u0438\\u043a\\u043b\\u0430\"}}, {\"added\": {\"name\": \"\\u043e\\u0442\\u0432\\u0435\\u0442\", \"object\": \"\\u0430\\u043d\\u0433\\u043b\\u0438\\u0439\\u0441\\u043a\\u0438\\u0439 \\u044f\\u0437\\u044b\\u043a\"}}, {\"added\": {\"name\": \"\\u043e\\u0442\\u0432\\u0435\\u0442\", \"object\": \"\\u041c\\u043e\\u043d\\u0438\\u0442\\u043e\\u0440 \\u043a\\u043e\\u043c\\u043f\\u044c\\u044e\\u0442\\u0435\\u0440\\u0430\"}}]"}}, {"model": "admin.logentry", "pk": 37, "fields": {"action_time": "2022-12-06T09:11:28.471Z", "user": 1, "content_type": 8, "object_id": "9", "object_repr": "Что такое ООП?", "action_flag": 1, "change_message": "[{\"added\": {}}, {\"added\": {\"name\": \"\\u043e\\u0442\\u0432\\u0435\\u0442\", \"object\": \"\\u0423\\u0441\\u043b\\u043e\\u0432\\u043d\\u044b\\u0439 \\u043e\\u043f\\u0435\\u0440\\u0430\\u0442\\u043e\\u0440 \\u0435\\u0441\\u043b\\u0438\"}}, {\"added\": {\"name\": \"\\u043e\\u0442\\u0432\\u0435\\u0442\", \"object\": \"\\u041f\\u0435\\u0440\\u0435\\u0444\\u0435\\u0440\\u0438\\u044f\"}}, {\"added\": {\"name\": \"\\u043e\\u0442\\u0432\\u0435\\u0442\", \"object\": \"\\u041e\\u043f\\u0435\\u0440\\u0430\\u0442\\u043e\\u0440 \\u0434\\u043e\\u0431\\u0430\\u0432\\u043b\\u0435\\u043d\\u0438\\u044f\"}}, {\"added\": {\"name\": \"\\u043e\\u0442\\u0432\\u0435\\u0442\", \"object\": \"\\u041e\\u0431\\u044a\\u0435\\u043a\\u0442\\u043d\\u043e\\u0435-\\u043e\\u0440\\u0438\\u0435\\u043d\\u0442\\u0438\\u0440\\u043e\\u0432\\u0430\\u043d\\u043d\\u043e-\\u043f\\u0440\\u043e\\u0433\\u0440\\u0430\\u043c\\u043c\\u0438\\u0440\\u043e\\u0432\\u0430\\u043d\\u0438\\u0435\"}}]"}}, {"model": "admin.logentry", "pk": 38, "fields": {"action_time": "2022-12-06T09:12:21.916Z", "user": 1, "content_type": 8, "object_id": "10", "object_repr": "Что такое Видео карта?", "action_flag": 1, "change_message": "[{\"added\": {}}, {\"added\": {\"name\": \"\\u043e\\u0442\\u0432\\u0435\\u0442\", \"object\": \"\\u043f\\u0440\\u0438\\u0431\\u043e\\u0440 \\u0434\\u043b\\u044f \\u0433\\u0440\\u0430\\u0444\\u0438\\u0447\\u0435\\u0441\\u043a\\u0438\\u0439 \\u0438\\u043d\\u0442\\u0435\\u0440\\u0444\\u0435\\u0439\\u0441\\u0430\"}}, {\"added\": {\"name\": \"\\u043e\\u0442\\u0432\\u0435\\u0442\", \"object\": \"\\u041f\\u0435\\u0440\\u0435\\u0444\\u0435\\u0440\\u0438\\u044f\"}}, {\"added\": {\"name\": \"\\u043e\\u0442\\u0432\\u0435\\u0442\", \"object\": \"\\u0411\\u0438\\u043e\\u0441\"}}, {\"added\": {\"name\": \"\\u043e\\u0442\\u0432\\u0435\\u0442\", \"object\": \"\\u041c\\u043e\\u043d\\u0438\\u0442\\u043e\\u0440 \\u043a\\u043e\\u043c\\u043f\\u044c\\u044e\\u0442\\u0435\\u0440\\u0430\"}}]"}}, {"model": "admin.logentry", "pk": 39, "fields": {"action_time": "2022-12-06T09:14:27.832Z", "user": 1, "content_type": 8, "object_id": "11", "object_repr": "Что такое <br>?", "action_flag": 1, "change_message": "[{\"added\": {}}, {\"added\": {\"name\": \"\\u043e\\u0442\\u0432\\u0435\\u0442\", \"object\": \"\\u0411\\u0438\\u0442/\\u0441\\u0435\\u043a\"}}, {\"added\": {\"name\": \"\\u043e\\u0442\\u0432\\u0435\\u0442\", \"object\": \"\\u041f\\u0435\\u0440\\u0435\\u0444\\u0435\\u0440\\u0438\\u044f\"}}, {\"added\": {\"name\": \"\\u043e\\u0442\\u0432\\u0435\\u0442\", \"object\": \"\\u0411\\u0438\\u043e\\u0441\"}}, {\"added\": {\"name\": \"\\u043e\\u0442\\u0432\\u0435\\u0442\", \"object\": \"\\u041f\\u0435\\u0440\\u0435\\u0432\\u043e\\u0434 \\u0441\\u0442\\u0440\\u043e\\u043a\\u0438\"}}]"}}, {"model": "admin.logentry", "pk": 40, "fields": {"action_time": "2022-12-06T09:14:57.307Z", "user": 1, "content_type": 8, "object_id": "12", "object_repr": "Сколько бит в одном байте?", "action_flag": 1, "change_message": "[{\"added\": {}}, {\"added\": {\"name\": \"\\u043e\\u0442\\u0432\\u0435\\u0442\", \"object\": \"8\"}}, {\"added\": {\"name\": \"\\u043e\\u0442\\u0432\\u0435\\u0442\", \"object\": \"\\u041e\\u043f\\u0435\\u0440\\u0430\\u0442\\u043e\\u0440 \\u0446\\u0438\\u043a\\u043b\\u0430\"}}, {\"added\": {\"name\": \"\\u043e\\u0442\\u0432\\u0435\\u0442\", \"object\": \"\\u041e\\u043f\\u0435\\u0440\\u0430\\u0442\\u043e\\u0440 \\u0434\\u043e\\u0431\\u0430\\u0432\\u043b\\u0435\\u043d\\u0438\\u044f\"}}, {\"added\": {\"name\": \"\\u043e\\u0442\\u0432\\u0435\\u0442\", \"object\": \"128\"}}]"}}, {"model": "admin.logentry", "pk": 41, "fields": {"action_time": "2022-12-06T09:15:15.664Z", "user": 1, "content_type": 8, "object_id": "13", "object_repr": "Сколько байт в одном Килобайте?", "action_flag": 1, "change_message": "[{\"added\": {}}, {\"added\": {\"name\": \"\\u043e\\u0442\\u0432\\u0435\\u0442\", \"object\": \"\\u041f\\u0430\\u043c\\u044f\\u0442 \\u043a\\u043e\\u043c\\u043f\\u044c\\u044e\\u0442\\u0435\\u0440\\u0430\"}}, {\"added\": {\"name\": \"\\u043e\\u0442\\u0432\\u0435\\u0442\", \"object\": \"1024\"}}, {\"added\": {\"name\": \"\\u043e\\u0442\\u0432\\u0435\\u0442\", \"object\": \"1028\"}}, {\"added\": {\"name\": \"\\u043e\\u0442\\u0432\\u0435\\u0442\", \"object\": \"128\"}}]"}}, {"model": "admin.logentry", "pk": 42, "fields": {"action_time": "2022-12-06T09:15:44.588Z", "user": 1, "content_type": 8, "object_id": "14", "object_repr": "Сколько Килобайт в одном Мегабайте?", "action_flag": 1, "change_message": "[{\"added\": {}}, {\"added\": {\"name\": \"\\u043e\\u0442\\u0432\\u0435\\u0442\", \"object\": \"\\u0423\\u0441\\u043b\\u043e\\u0432\\u043d\\u044b\\u0439 \\u043e\\u043f\\u0435\\u0440\\u0430\\u0442\\u043e\\u0440 \\u0435\\u0441\\u043b\\u0438\"}}, {\"added\": {\"name\": \"\\u043e\\u0442\\u0432\\u0435\\u0442\", \"object\": \"\\u041f\\u0435\\u0440\\u0435\\u0444\\u0435\\u0440\\u0438\\u044f\"}}, {\"added\": {\"name\": \"\\u043e\\u0442\\u0432\\u0435\\u0442\", \"object\": \"1024\"}}, {\"added\": {\"name\": \"\\u043e\\u0442\\u0432\\u0435\\u0442\", \"object\": \"\\u041c\\u043e\\u043d\\u0438\\u0442\\u043e\\u0440 \\u043a\\u043e\\u043c\\u043f\\u044c\\u044e\\u0442\\u0435\\u0440\\u0430\"}}]"}}, {"model": "admin.logentry", "pk": 43, "fields": {"action_time": "2022-12-06T09:16:03.055Z", "user": 1, "content_type": 8, "object_id": "15", "object_repr": "Что такое Винчестер?", "action_flag": 1, "change_message": "[{\"added\": {}}, {\"added\": {\"name\": \"\\u043e\\u0442\\u0432\\u0435\\u0442\", \"object\": \"\\u041f\\u0430\\u043c\\u044f\\u0442 \\u043a\\u043e\\u043c\\u043f\\u044c\\u044e\\u0442\\u0435\\u0440\\u0430\"}}, {\"added\": {\"name\": \"\\u043e\\u0442\\u0432\\u0435\\u0442\", \"object\": \"124\"}}, {\"added\": {\"name\": \"\\u043e\\u0442\\u0432\\u0435\\u0442\", \"object\": \"\\u0411\\u0438\\u043e\\u0441\"}}, {\"added\": {\"name\": \"\\u043e\\u0442\\u0432\\u0435\\u0442\", \"object\": \"Boolian\"}}]"}}, {"model": "admin.logentry", "pk": 44, "fields": {"action_time": "2022-12-06T09:16:23.380Z", "user": 1, "content_type": 8, "object_id": "16", "object_repr": "Что такое if ?", "action_flag": 1, "change_message": "[{\"added\": {}}, {\"added\": {\"name\": \"\\u043e\\u0442\\u0432\\u0435\\u0442\", \"object\": \"\\u0423\\u0441\\u043b\\u043e\\u0432\\u043d\\u044b\\u0439 \\u043e\\u043f\\u0435\\u0440\\u0430\\u0442\\u043e\\u0440 \\u0435\\u0441\\u043b\\u0438\"}}, {\"added\": {\"name\": \"\\u043e\\u0442\\u0432\\u0435\\u0442\", \"object\": \"\\u0440\\u0435\\u0432\\u043e\\u043b\\u0432\\u0435\\u0440\"}}, {\"added\": {\"name\": \"\\u043e\\u0442\\u0432\\u0435\\u0442\", \"object\": \"\\u0411\\u0438\\u043e\\u0441\"}}, {\"added\": {\"name\": \"\\u043e\\u0442\\u0432\\u0435\\u0442\", \"object\": \"\\u041c\\u043e\\u043d\\u0438\\u0442\\u043e\\u0440 \\u043a\\u043e\\u043c\\u043f\\u044c\\u044e\\u0442\\u0435\\u0440\\u0430\"}}]"}}, {"model": "admin.logentry", "pk": 45, "fields": {"action_time": "2022-12-06T09:16:45.553Z", "user": 1, "content_type": 8, "object_id": "17", "object_repr": "Что такое For ?", "action_flag": 1, "change_message": "[{\"added\": {}}, {\"added\": {\"name\": \"\\u043e\\u0442\\u0432\\u0435\\u0442\", \"object\": \"\\u0413\\u0440\\u0430\\u0444\\u0438\\u0447\\u0435\\u0441\\u043a\\u0438\\u0439 \\u0438\\u043d\\u0442\\u0435\\u0440\\u0444\\u0435\\u0439\\u0441\"}}, {\"added\": {\"name\": \"\\u043e\\u0442\\u0432\\u0435\\u0442\", \"object\": \"\\u041e\\u043f\\u0435\\u0440\\u0430\\u0442\\u043e\\u0440 \\u0446\\u0438\\u043a\\u043b\\u0430\"}}, {\"added\": {\"name\": \"\\u043e\\u0442\\u0432\\u0435\\u0442\", \"object\": \"\\u0430\\u043d\\u0433\\u043b\\u0438\\u0439\\u0441\\u043a\\u0438\\u0439 \\u044f\\u0437\\u044b\\u043a\"}}, {\"added\": {\"name\": \"\\u043e\\u0442\\u0432\\u0435\\u0442\", \"object\": \"Boolian\"}}]"}}, {"model": "admin.logentry", "pk": 46, "fields": {"action_time": "2022-12-06T09:17:27.129Z", "user": 1, "content_type": 8, "object_id": "18", "object_repr": "При каких градусах плавится железо?", "action_flag": 1, "change_message": "[{\"added\": {}}, {\"added\": {\"name\": \"\\u043e\\u0442\\u0432\\u0435\\u0442\", \"object\": \"1231\"}}, {\"added\": {\"name\": \"\\u043e\\u0442\\u0432\\u0435\\u0442\", \"object\": \"1538\"}}, {\"added\": {\"name\": \"\\u043e\\u0442\\u0432\\u0435\\u0442\", \"object\": \"1028\"}}, {\"added\": {\"name\": \"\\u043e\\u0442\\u0432\\u0435\\u0442\", \"object\": \"2235\"}}]"}}, {"model": "admin.logentry", "pk": 47, "fields": {"action_time": "2022-12-06T09:18:07.912Z", "user": 1, "content_type": 8, "object_id": "19", "object_repr": "При каких градусах плавится медь?", "action_flag": 1, "change_message": "[{\"added\": {}}, {\"added\": {\"name\": \"\\u043e\\u0442\\u0432\\u0435\\u0442\", \"object\": \"1083\"}}, {\"added\": {\"name\": \"\\u043e\\u0442\\u0432\\u0435\\u0442\", \"object\": \"1024\"}}, {\"added\": {\"name\": \"\\u043e\\u0442\\u0432\\u0435\\u0442\", \"object\": \"1028\"}}, {\"added\": {\"name\": \"\\u043e\\u0442\\u0432\\u0435\\u0442\", \"object\": \"1280\"}}]"}}, {"model": "admin.logentry", "pk": 48, "fields": {"action_time": "2022-12-06T09:19:52.180Z", "user": 1, "content_type": 8, "object_id": "20", "object_repr": "При каких градусах плавится латунь?", "action_flag": 1, "change_message": "[{\"added\": {}}, {\"added\": {\"name\": \"\\u043e\\u0442\\u0432\\u0435\\u0442\", \"object\": \"880\\u2014950\"}}, {\"added\": {\"name\": \"\\u043e\\u0442\\u0432\\u0435\\u0442\", \"object\": \"980\\u20141050\"}}, {\"added\": {\"name\": \"\\u043e\\u0442\\u0432\\u0435\\u0442\", \"object\": \"1880\\u20141950\"}}, {\"added\": {\"name\": \"\\u043e\\u0442\\u0432\\u0435\\u0442\", \"object\": \"820\\u2014920\"}}]"}}, {"model": "admin.logentry", "pk": 49, "fields": {"action_time": "2022-12-06T09:21:01.240Z", "user": 1, "content_type": 8, "object_id": "21", "object_repr": "При каких градусах плавится Вольфрам?", "action_flag": 1, "change_message": "[{\"added\": {}}, {\"added\": {\"name\": \"\\u043e\\u0442\\u0432\\u0435\\u0442\", \"object\": \"3200\"}}, {\"added\": {\"name\": \"\\u043e\\u0442\\u0432\\u0435\\u0442\", \"object\": \"3420\"}}, {\"added\": {\"name\": \"\\u043e\\u0442\\u0432\\u0435\\u0442\", \"object\": \"4028\"}}, {\"added\": {\"name\": \"\\u043e\\u0442\\u0432\\u0435\\u0442\", \"object\": \"1280\"}}]"}}, {"model": "admin.logentry", "pk": 50, "fields": {"action_time": "2022-12-06T09:22:17.345Z", "user": 1, "content_type": 8, "object_id": "22", "object_repr": "При каких градусах плавится Серебро?", "action_flag": 1, "change_message": "[{\"added\": {}}, {\"added\": {\"name\": \"\\u043e\\u0442\\u0432\\u0435\\u0442\", \"object\": \"3235,3\"}}, {\"added\": {\"name\": \"\\u043e\\u0442\\u0432\\u0435\\u0442\", \"object\": \"1024,7\"}}, {\"added\": {\"name\": \"\\u043e\\u0442\\u0432\\u0435\\u0442\", \"object\": \"1028,5\"}}, {\"added\": {\"name\": \"\\u043e\\u0442\\u0432\\u0435\\u0442\", \"object\": \"961,8\"}}]"}}, {"model": "admin.logentry", "pk": 51, "fields": {"action_time": "2022-12-06T09:51:45.660Z", "user": 1, "content_type": 10, "object_id": "15", "object_repr": "piton pytonich", "action_flag": 1, "change_message": "[{\"added\": {}}]"}}, {"model": "admin.logentry", "pk": 52, "fields": {"action_time": "2022-12-06T09:52:09.026Z", "user": 1, "content_type": 11, "object_id": "1", "object_repr": "Results object (1)", "action_flag": 1, "change_message": "[{\"added\": {}}]"}}, {"model": "admin.logentry", "pk": 53, "fields": {"action_time": "2022-12-07T04:28:50.921Z", "user": 1, "content_type": 10, "object_id": "12", "object_repr": "qru", "action_flag": 2, "change_message": "[{\"changed\": {\"fields\": [\"\\u0420\\u0435\\u0437\\u0443\\u043b\\u044c\\u0442\\u0430\\u0442\"]}}]"}}, {"model": "admin.logentry", "pk": 54, "fields": {"action_time": "2022-12-07T04:28:56.796Z", "user": 1, "content_type": 10, "object_id": "15", "object_repr": "piton pytonich", "action_flag": 2, "change_message": "[{\"changed\": {\"fields\": [\"\\u0420\\u0435\\u0437\\u0443\\u043b\\u044c\\u0442\\u0430\\u0442\"]}}]"}}, {"model": "admin.logentry", "pk": 55, "fields": {"action_time": "2022-12-07T04:29:00.869Z", "user": 1, "content_type": 10, "object_id": "19", "object_repr": "axfsadajhhds", "action_flag": 2, "change_message": "[{\"changed\": {\"fields\": [\"\\u0420\\u0435\\u0437\\u0443\\u043b\\u044c\\u0442\\u0430\\u0442\"]}}]"}}, {"model": "admin.logentry", "pk": 56, "fields": {"action_time": "2022-12-07T04:30:08.378Z", "user": 1, "content_type": 10, "object_id": "14", "object_repr": "qaz", "action_flag": 2, "change_message": "[{\"changed\": {\"fields\": [\"\\u0420\\u0435\\u0437\\u0443\\u043b\\u044c\\u0442\\u0430\\u0442\"]}}]"}}, {"model": "admin.logentry", "pk": 57, "fields": {"action_time": "2022-12-09T09:40:38.845Z", "user": 1, "content_type": 8, "object_id": "23", "object_repr": "При каких градусах плавится Золото?", "action_flag": 1, "change_message": "[{\"added\": {}}, {\"added\": {\"name\": \"\\u043e\\u0442\\u0432\\u0435\\u0442\", \"object\": \"879\"}}, {\"added\": {\"name\": \"\\u043e\\u0442\\u0432\\u0435\\u0442\", \"object\": \"1045\"}}, {\"added\": {\"name\": \"\\u043e\\u0442\\u0432\\u0435\\u0442\", \"object\": \"985\"}}, {\"added\": {\"name\": \"\\u043e\\u0442\\u0432\\u0435\\u0442\", \"object\": \"1523\"}}]"}}, {"model": "auth.permission", "pk": 1, "fields": {"name": "Can add log entry", "content_type": 1, "codename": "add_logentry"}}, {"model": "auth.permission", "pk": 2, "fields": {"name": "Can change log entry", "content_type": 1, "codename": "change_logentry"}}, {"model": "auth.permission", "pk": 3, "fields": {"name": "Can delete log entry", "content_type": 1, "codename": "delete_logentry"}}, {"model": "auth.permission", "pk": 4, "fields": {"name": "Can view log entry", "content_type": 1, "codename": "view_logentry"}}, {"model": "auth.permission", "pk": 5, "fields": {"name": "Can add permission", "content_type": 2, "codename": "add_permission"}}, {"model": "auth.permission", "pk": 6, "fields": {"name": "Can change permission", "content_type": 2, "codename": "change_permission"}}, {"model": "auth.permission", "pk": 7, "fields": {"name": "Can delete permission", "content_type": 2, "codename": "delete_permission"}}, {"model": "auth.permission", "pk": 8, "fields": {"name": "Can view permission", "content_type": 2, "codename": "view_permission"}}, {"model": "auth.permission", "pk": 9, "fields": {"name": "Can add group", "content_type": 3, "codename": "add_group"}}, {"model": "auth.permission", "pk": 10, "fields": {"name": "Can change group", "content_type": 3, "codename": "change_group"}}, {"model": "auth.permission", "pk": 11, "fields": {"name": "Can delete group", "content_type": 3, "codename": "delete_group"}}, {"model": "auth.permission", "pk": 12, "fields": {"name": "Can view group", "content_type": 3, "codename": "view_group"}}, {"model": "auth.permission", "pk": 13, "fields": {"name": "Can add user", "content_type": 4, "codename": "add_user"}}, {"model": "auth.permission", "pk": 14, "fields": {"name": "Can change user", "content_type": 4, "codename": "change_user"}}, {"model": "auth.permission", "pk": 15, "fields": {"name": "Can delete user", "content_type": 4, "codename": "delete_user"}}, {"model": "auth.permission", "pk": 16, "fields": {"name": "Can view user", "content_type": 4, "codename": "view_user"}}, {"model": "auth.permission", "pk": 17, "fields": {"name": "Can add content type", "content_type": 5, "codename": "add_contenttype"}}, {"model": "auth.permission", "pk": 18, "fields": {"name": "Can change content type", "content_type": 5, "codename": "change_contenttype"}}, {"model": "auth.permission", "pk": 19, "fields": {"name": "Can delete content type", "content_type": 5, "codename": "delete_contenttype"}}, {"model": "auth.permission", "pk": 20, "fields": {"name": "Can view content type", "content_type": 5, "codename": "view_contenttype"}}, {"model": "auth.permission", "pk": 21, "fields": {"name": "Can add session", "content_type": 6, "codename": "add_session"}}, {"model": "auth.permission", "pk": 22, "fields": {"name": "Can change session", "content_type": 6, "codename": "change_session"}}, {"model": "auth.permission", "pk": 23, "fields": {"name": "Can delete session", "content_type": 6, "codename": "delete_session"}}, {"model": "auth.permission", "pk": 24, "fields": {"name": "Can view session", "content_type": 6, "codename": "view_session"}}, {"model": "auth.permission", "pk": 25, "fields": {"name": "Can add тест", "content_type": 7, "codename": "add_quiz"}}, {"model": "auth.permission", "pk": 26, "fields": {"name": "Can change тест", "content_type": 7, "codename": "change_quiz"}}, {"model": "auth.permission", "pk": 27, "fields": {"name": "Can delete тест", "content_type": 7, "codename": "delete_quiz"}}, {"model": "auth.permission", "pk": 28, "fields": {"name": "Can view тест", "content_type": 7, "codename": "view_quiz"}}, {"model": "auth.permission", "pk": 29, "fields": {"name": "Can add вопрос", "content_type": 8, "codename": "add_question"}}, {"model": "auth.permission", "pk": 30, "fields": {"name": "Can change вопрос", "content_type": 8, "codename": "change_question"}}, {"model": "auth.permission", "pk": 31, "fields": {"name": "Can delete вопрос", "content_type": 8, "codename": "delete_question"}}, {"model": "auth.permission", "pk": 32, "fields": {"name": "Can view вопрос", "content_type": 8, "codename": "view_question"}}, {"model": "auth.permission", "pk": 33, "fields": {"name": "Can add ответ", "content_type": 9, "codename": "add_answer"}}, {"model": "auth.permission", "pk": 34, "fields": {"name": "Can change ответ", "content_type": 9, "codename": "change_answer"}}, {"model": "auth.permission", "pk": 35, "fields": {"name": "Can delete ответ", "content_type": 9, "codename": "delete_answer"}}, {"model": "auth.permission", "pk": 36, "fields": {"name": "Can view ответ", "content_type": 9, "codename": "view_answer"}}, {"model": "auth.permission", "pk": 37, "fields": {"name": "Can add user input", "content_type": 10, "codename": "add_userinput"}}, {"model": "auth.permission", "pk": 38, "fields": {"name": "Can change user input", "content_type": 10, "codename": "change_userinput"}}, {"model": "auth.permission", "pk": 39, "fields": {"name": "Can delete user input", "content_type": 10, "codename": "delete_userinput"}}, {"model": "auth.permission", "pk": 40, "fields": {"name": "Can view user input", "content_type": 10, "codename": "view_userinput"}}, {"model": "auth.permission", "pk": 41, "fields": {"name": "Can add results", "content_type": 11, "codename": "add_results"}}, {"model": "auth.permission", "pk": 42, "fields": {"name": "Can change results", "content_type": 11, "codename": "change_results"}}, {"model": "auth.permission", "pk": 43, "fields": {"name": "Can delete results", "content_type": 11, "codename": "delete_results"}}, {"model": "auth.permission", "pk": 44, "fields": {"name": "Can view results", "content_type": 11, "codename": "view_results"}}, {"model": "auth.user", "pk": 1, "fields": {"password": "pbkdf2_sha256$390000$rhHRah9cBLuPH9P2iympIv$swwIH0R3Rlmdit25GZeecHTNCL20j1790BfTNLw2wno=", "last_login": "2022-12-07T06:02:21.132Z", "is_superuser": true, "username": "admin", "first_name": "", "last_name": "", "email": "", "is_staff": true, "is_active": true, "date_joined": "2022-12-02T07:08:24.244Z", "groups": [], "user_permissions": []}}, {"model": "contenttypes.contenttype", "pk": 1, "fields": {"app_label": "admin", "model": "logentry"}}, {"model": "contenttypes.contenttype", "pk": 2, "fields": {"app_label": "auth", "model": "permission"}}, {"model": "contenttypes.contenttype", "pk": 3, "fields": {"app_label": "auth", "model": "group"}}, {"model": "contenttypes.contenttype", "pk": 4, "fields": {"app_label": "auth", "model": "user"}}, {"model": "contenttypes.contenttype", "pk": 5, "fields": {"app_label": "contenttypes", "model": "contenttype"}}, {"model": "contenttypes.contenttype", "pk": 6, "fields": {"app_label": "sessions", "model": "session"}}, {"model": "contenttypes.contenttype", "pk": 7, "fields": {"app_label": "opros", "model": "quiz"}}, {"model": "contenttypes.contenttype", "pk": 8, "fields": {"app_label": "opros", "model": "question"}}, {"model": "contenttypes.contenttype", "pk": 9, "fields": {"app_label": "opros", "model": "answer"}}, {"model": "contenttypes.contenttype", "pk": 10, "fields": {"app_label": "opros", "model": "userinput"}}, {"model": "contenttypes.contenttype", "pk": 11, "fields": {"app_label": "opros", "model": "results"}}, {"model": "sessions.session", "pk": "7e51ggy14nmgjbs58ytdoug8ozv4cwif", "fields": {"session_data": ".eJxVjEEOwiAQRe_C2pACpQwu3XuGZoYZpGpoUtqV8e7apAvd_vfef6kRt7WMW5NlnFidlVGn340wPaTugO9Yb7NOc12XifSu6IM2fZ1ZnpfD_Tso2Mq3JvDOOArZAKQINhroYtcnMhRc5sE7HER4YCBBIR9SgN6iFcqhd9ip9wfVkzgL:1p10AD:KQfBq3oSOkj7WO1-vKkuhFZ_IlYss9l1DNEQlQ9hr1o", "expire_date": "2022-12-16T07:08:49.219Z"}}, {"model": "sessions.session", "pk": "eei1sln4x2iruwxvd4fpv251kjc42u0h", "fields": {"session_data": ".eJxVjEEOwiAQRe_C2pACpQwu3XuGZoYZpGpoUtqV8e7apAvd_vfef6kRt7WMW5NlnFidlVGn340wPaTugO9Yb7NOc12XifSu6IM2fZ1ZnpfD_Tso2Mq3JvDOOArZAKQINhroYtcnMhRc5sE7HER4YCBBIR9SgN6iFcqhd9ip9wfVkzgL:1p2nVd:GzrRVZSvjuv3GTWUK5mHZsAatO0l-HK4HDAgg96bzGc", "expire_date": "2022-12-21T06:02:21.137Z"}}, {"model": "opros.answer", "pk": 53, "fields": {"answer": "8", "is_correct": true, "comment": "", "question": 1}}, {"model": "opros.answer", "pk": 54, "fields": {"answer": "1024", "is_correct": false, "comment": "", "question": 1}}, {"model": "opros.answer", "pk": 55, "fields": {"answer": "1028", "is_correct": false, "comment": "", "question": 1}}, {"model": "opros.answer", "pk": 56, "fields": {"answer": "32", "is_correct": false, "comment": "", "question": 1}}, {"model": "opros.answer", "pk": 57, "fields": {"answer": "32", "is_correct": false, "comment": "", "question": 2}}, {"model": "opros.answer", "pk": 58, "fields": {"answer": "1024", "is_correct": true, "comment": "", "question": 2}}, {"model": "opros.answer", "pk": 59, "fields": {"answer": "2048", "is_correct": false, "comment": "", "question": 2}}, {"model": "opros.answer", "pk": 60, "fields": {"answer": "128", "is_correct": false, "comment": "", "question": 2}}, {"model": "opros.answer", "pk": 61, "fields": {"answer": "8", "is_correct": false, "comment": "", "question": 3}}, {"model": "opros.answer", "pk": 62, "fields": {"answer": "1024", "is_correct": true, "comment": "", "question": 3}}, {"model": "opros.answer", "pk": 63, "fields": {"answer": "1028", "is_correct": false, "comment": "", "question": 3}}, {"model": "opros.answer", "pk": 64, "fields": {"answer": "128", "is_correct": false, "comment": "", "question": 3}}, {"model": "opros.answer", "pk": 65, "fields": {"answer": "Памят компьютера", "is_correct": true, "comment": "", "question": 4}}, {"model": "opros.answer", "pk": 66, "fields": {"answer": "Оператор цикла", "is_correct": false, "comment": "", "question": 4}}, {"model": "opros.answer", "pk": 67, "fields": {"answer": "Оператор добавления", "is_correct": false, "comment": "", "question": 4}}, {"model": "opros.answer", "pk": 68, "fields": {"answer": "Ориентированно-Объектное-Программирование", "is_correct": false, "comment": "", "question": 4}}, {"model": "opros.answer", "pk": 69, "fields": {"answer": "Условный оператор если", "is_correct": true, "comment": "", "question": 5}}, {"model": "opros.answer", "pk": 70, "fields": {"answer": "Оператор цикла", "is_correct": false, "comment": "", "question": 5}}, {"model": "opros.answer", "pk": 71, "fields": {"answer": "Оператор добавления", "is_correct": false, "comment": "", "question": 5}}, {"model": "opros.answer", "pk": 72, "fields": {"answer": "Boolian", "is_correct": false, "comment": "", "question": 5}}, {"model": "opros.answer", "pk": 73, "fields": {"answer": "Памят компьютера", "is_correct": false, "comment": "", "question": 6}}, {"model": "opros.answer", "pk": 74, "fields": {"answer": "Оператор цикла", "is_correct": true, "comment": "", "question": 6}}, {"model": "opros.answer", "pk": 75, "fields": {"answer": "Оператор добавления", "is_correct": false, "comment": "", "question": 6}}, {"model": "opros.answer", "pk": 76, "fields": {"answer": "Ориентированно-Объектное-Программирование", "is_correct": false, "comment": "", "question": 6}}, {"model": "opros.answer", "pk": 77, "fields": {"answer": "Графический интерфейс", "is_correct": false, "comment": "", "question": 7}}, {"model": "opros.answer", "pk": 78, "fields": {"answer": "Оператор цикла", "is_correct": true, "comment": "", "question": 7}}, {"model": "opros.answer", "pk": 79, "fields": {"answer": "Оператор добавления", "is_correct": false, "comment": "", "question": 7}}, {"model": "opros.answer", "pk": 80, "fields": {"answer": "Boolian", "is_correct": false, "comment": "", "question": 7}}, {"model": "opros.answer", "pk": 81, "fields": {"answer": "Условный оператор если нет", "is_correct": true, "comment": "", "question": 8}}, {"model": "opros.answer", "pk": 82, "fields": {"answer": "Оператор цикла", "is_correct": false, "comment": "", "question": 8}}, {"model": "opros.answer", "pk": 83, "fields": {"answer": "английский язык", "is_correct": false, "comment": "", "question": 8}}, {"model": "opros.answer", "pk": 84, "fields": {"answer": "Монитор компьютера", "is_correct": false, "comment": "", "question": 8}}, {"model": "opros.answer", "pk": 85, "fields": {"answer": "Условный оператор если", "is_correct": false, "comment": "", "question": 9}}, {"model": "opros.answer", "pk": 86, "fields": {"answer": "Переферия", "is_correct": false, "comment": "", "question": 9}}, {"model": "opros.answer", "pk": 87, "fields": {"answer": "Оператор добавления", "is_correct": false, "comment": "", "question": 9}}, {"model": "opros.answer", "pk": 88, "fields": {"answer": "Объектное-ориентированно-программирование", "is_correct": true, "comment": "", "question": 9}}, {"model": "opros.answer", "pk": 89, "fields": {"answer": "прибор для графический интерфейса", "is_correct": true, "comment": "", "question": 10}}, {"model": "opros.answer", "pk": 90, "fields": {"answer": "Переферия", "is_correct": false, "comment": "", "question": 10}}, {"model": "opros.answer", "pk": 91, "fields": {"answer": "Биос", "is_correct": false, "comment": "", "question": 10}}, {"model": "opros.answer", "pk": 92, "fields": {"answer": "Монитор компьютера", "is_correct": false, "comment": "", "question": 10}}, {"model": "opros.answer", "pk": 93, "fields": {"answer": "Бит/сек", "is_correct": false, "comment": "", "question": 11}}, {"model": "opros.answer", "pk": 94, "fields": {"answer": "Переферия", "is_correct": false, "comment": "", "question": 11}}, {"model": "opros.answer", "pk": 95, "fields": {"answer": "Биос", "is_correct": false, "comment": "", "question": 11}}, {"model": "opros.answer", "pk": 96, "fields": {"answer": "Перевод строки", "is_correct": true, "comment": "", "question": 11}}, {"model": "opros.answer", "pk": 97, "fields": {"answer": "8", "is_correct": true, "comment": "", "question": 12}}, {"model": "opros.answer", "pk": 98, "fields": {"answer": "Оператор цикла", "is_correct": false, "comment": "", "question": 12}}, {"model": "opros.answer", "pk": 99, "fields": {"answer": "Оператор добавления", "is_correct": false, "comment": "", "question": 12}}, {"model": "opros.answer", "pk": 100, "fields": {"answer": "128", "is_correct": false, "comment": "", "question": 12}}, {"model": "opros.answer", "pk": 101, "fields": {"answer": "Памят компьютера", "is_correct": false, "comment": "", "question": 13}}, {"model": "opros.answer", "pk": 102, "fields": {"answer": "1024", "is_correct": true, "comment": "", "question": 13}}, {"model": "opros.answer", "pk": 103, "fields": {"answer": "1028", "is_correct": false, "comment": "", "question": 13}}, {"model": "opros.answer", "pk": 104, "fields": {"answer": "128", "is_correct": false, "comment": "", "question": 13}}, {"model": "opros.answer", "pk": 105, "fields": {"answer": "Условный оператор если", "is_correct": false, "comment": "", "question": 14}}, {"model": "opros.answer", "pk": 106, "fields": {"answer": "Переферия", "is_correct": false, "comment": "", "question": 14}}, {"model": "opros.answer", "pk": 107, "fields": {"answer": "1024", "is_correct": true, "comment": "", "question": 14}}, {"model": "opros.answer", "pk": 108, "fields": {"answer": "Монитор компьютера", "is_correct": false, "comment": "", "question": 14}}, {"model": "opros.answer", "pk": 109, "fields": {"answer": "Памят компьютера", "is_correct": true, "comment": "", "question": 15}}, {"model": "opros.answer", "pk": 110, "fields": {"answer": "124", "is_correct": false, "comment": "", "question": 15}}, {"model": "opros.answer", "pk": 111, "fields": {"answer": "Биос", "is_correct": false, "comment": "", "question": 15}}, {"model": "opros.answer", "pk": 112, "fields": {"answer": "Boolian", "is_correct": false, "comment": "", "question": 15}}, {"model": "opros.answer", "pk": 113, "fields": {"answer": "Условный оператор если", "is_correct": true, "comment": "", "question": 16}}, {"model": "opros.answer", "pk": 114, "fields": {"answer": "револвер", "is_correct": false, "comment": "", "question": 16}}, {"model": "opros.answer", "pk": 115, "fields": {"answer": "Биос", "is_correct": false, "comment": "", "question": 16}}, {"model": "opros.answer", "pk": 116, "fields": {"answer": "Монитор компьютера", "is_correct": false, "comment": "", "question": 16}}, {"model": "opros.answer", "pk": 117, "fields": {"answer": "Графический интерфейс", "is_correct": false, "comment": "", "question": 17}}, {"model": "opros.answer", "pk": 118, "fields": {"answer": "Оператор цикла", "is_correct": true, "comment": "", "question": 17}}, {"model": "opros.answer", "pk": 119, "fields": {"answer": "английский язык", "is_correct": false, "comment": "", "question": 17}}, {"model": "opros.answer", "pk": 120, "fields": {"answer": "Boolian", "is_correct": false, "comment": "", "question": 17}}, {"model": "opros.answer", "pk": 121, "fields": {"answer": "1231", "is_correct": false, "comment": "", "question": 18}}, {"model": "opros.answer", "pk": 122, "fields": {"answer": "1538", "is_correct": true, "comment": "", "question": 18}}, {"model": "opros.answer", "pk": 123, "fields": {"answer": "1028", "is_correct": false, "comment": "", "question": 18}}, {"model": "opros.answer", "pk": 124, "fields": {"answer": "2235", "is_correct": false, "comment": "", "question": 18}}, {"model": "opros.answer", "pk": 125, "fields": {"answer": "1083", "is_correct": true, "comment": "", "question": 19}}, {"model": "opros.answer", "pk": 126, "fields": {"answer": "1024", "is_correct": false, "comment": "", "question": 19}}, {"model": "opros.answer", "pk": 127, "fields": {"answer": "1028", "is_correct": false, "comment": "", "question": 19}}, {"model": "opros.answer", "pk": 128, "fields": {"answer": "1280", "is_correct": false, "comment": "", "question": 19}}, {"model": "opros.answer", "pk": 129, "fields": {"answer": "880—950", "is_correct": true, "comment": "", "question": 20}}, {"model": "opros.answer", "pk": 130, "fields": {"answer": "980—1050", "is_correct": false, "comment": "", "question": 20}}, {"model": "opros.answer", "pk": 131, "fields": {"answer": "1880—1950", "is_correct": false, "comment": "", "question": 20}}, {"model": "opros.answer", "pk": 132, "fields": {"answer": "820—920", "is_correct": false, "comment": "", "question": 20}}, {"model": "opros.answer", "pk": 133, "fields": {"answer": "3200", "is_correct": false, "comment": "", "question": 21}}, {"model": "opros.answer", "pk": 134, "fields": {"answer": "3420", "is_correct": true, "comment": "", "question": 21}}, {"model": "opros.answer", "pk": 135, "fields": {"answer": "4028", "is_correct": false, "comment": "", "question": 21}}, {"model": "opros.answer", "pk": 136, "fields": {"answer": "1280", "is_correct": false, "comment": "", "question": 21}}, {"model": "opros.answer", "pk": 137, "fields": {"answer": "3235,3", "is_correct": false, "comment": "", "question": 22}}, {"model": "opros.answer", "pk": 138, "fields": {"answer": "1024,7", "is_correct": false, "comment": "", "question": 22}}, {"model": "opros.answer", "pk": 139, "fields": {"answer": "1028,5", "is_correct": false, "comment": "", "question": 22}}, {"model": "opros.answer", "pk": 140, "fields": {"answer": "961,8", "is_correct": true, "comment": "", "question": 22}}, {"model": "opros.answer", "pk": 141, "fields": {"answer": "879", "is_correct": false, "comment": "", "question": 23}}, {"model": "opros.answer", "pk": 142, "fields": {"answer": "1045", "is_correct": false, "comment": "", "question": 23}}, {"model": "opros.answer", "pk": 143, "fields": {"answer": "985", "is_correct": true, "comment": "", "question": 23}}, {"model": "opros.answer", "pk": 144, "fields": {"answer": "1523", "is_correct": false, "comment": "", "question": 23}}, {"model": "opros.question", "pk": 1, "fields": {"quiz": 1, "question": "Сколько бит в одном байте?"}}, {"model": "opros.question", "pk": 2, "fields": {"quiz": 1, "question": "Сколько байт в одном Килобайте?"}}, {"model": "opros.question", "pk": 3, "fields": {"quiz": 1, "question": "Сколько Килобайт в одном Мегабайте?"}}, {"model": "opros.question", "pk": 4, "fields": {"quiz": 1, "question": "Что такое Винчестер?"}}, {"model": "opros.question", "pk": 5, "fields": {"quiz": 1, "question": "Что такое if ?"}}, {"model": "opros.question", "pk": 6, "fields": {"quiz": 1, "question": "Что такое For ?"}}, {"model": "opros.question", "pk": 7, "fields": {"quiz": 1, "question": "Что такое While ?"}}, {"model": "opros.question", "pk": 8, "fields": {"quiz": 1, "question": "Что такое  else?"}}, {"model": "opros.question", "pk": 9, "fields": {"quiz": 1, "question": "Что такое ООП?"}}, {"model": "opros.question", "pk": 10, "fields": {"quiz": 1, "question": "Что такое Видео карта?"}}, {"model": "opros.question", "pk": 11, "fields": {"quiz": 1, "question": "Что такое <br>?"}}, {"model": "opros.question", "pk": 12, "fields": {"quiz": 2, "question": "Сколько бит в одном байте?"}}, {"model": "opros.question", "pk": 13, "fields": {"quiz": 2, "question": "Сколько байт в одном Килобайте?"}}, {"model": "opros.question", "pk": 14, "fields": {"quiz": 2, "question": "Сколько Килобайт в одном Мегабайте?"}}, {"model": "opros.question", "pk": 15, "fields": {"quiz": 2, "question": "Что такое Винчестер?"}}, {"model": "opros.question", "pk": 16, "fields": {"quiz": 2, "question": "Что такое if ?"}}, {"model": "opros.question", "pk": 17, "fields": {"quiz": 2, "question": "Что такое For ?"}}, {"model": "opros.question", "pk": 18, "fields": {"quiz": 2, "question": "При каких градусах плавится железо?"}}, {"model": "opros.question", "pk": 19, "fields": {"quiz": 2, "question": "При каких градусах плавится медь?"}}, {"model": "opros.question", "pk": 20, "fields": {"quiz": 2, "question": "При каких градусах плавится латунь?"}}, {"model": "opros.question", "pk": 21, "fields": {"quiz": 2, "question": "При каких градусах плавится Вольфрам?"}}, {"model": "opros.question", "pk": 22, "fields": {"quiz": 2, "question": "При каких градусах плавится Серебро?"}}, {"model": "opros.question", "pk": 23, "fields": {"quiz": 2, "question": "При каких градусах плавится Золото?"}}, {"model": "opros.quiz", "pk": 1, "fields": {"title": "Программист", "slug": "programmist", "description": "", "created": "2022-12-02T07:09:37.784Z", "modified": "2022-12-02T07:09:37.784Z", "npp": 0}}, {"model": "opros.quiz", "pk": 2, "fields": {"title": "Металлург", "slug": "metallurg", "description": "", "created": "2022-12-02T07:09:45.634Z", "modified": "2022-12-02T07:09:45.634Z", "npp": 0}}, {"model": "opros.userinput", "pk": 12, "fields": {"user_name": "qru", "random_list": "", "user_number": 9632147, "result": false}}, {"model": "opros.userinput", "pk": 14, "fields": {"user_name": "qaz", "random_list": "", "user_number": 33, "result": false}}, {"model": "opros.userinput", "pk": 15, "fields": {"user_name": "piton pytonich", "random_list": "", "user_number": 4, "result": false}}, {"model": "opros.userinput", "pk": 16, "fields": {"user_name": "axa", "random_list": "", "user_number": 336, "result": false}}, {"model": "opros.userinput", "pk": 17, "fields": {"user_name": "axajhh", "random_list": "", "user_number": 33643, "result": false}}, {"model": "opros.userinput", "pk": 18, "fields": {"user_name": "axajhhds", "random_list": "", "user_number": 3332643, "result": false}}, {"model": "opros.userinput", "pk": 19, "fields": {"user_name": "axfsadajhhds", "random_list": "", "user_number": 33232643, "result": false}}, {"model": "opros.userinput", "pk": 20, "fields": {"user_name": "axfsadajhhds", "random_list": "", "user_number": 33232643, "result": false}}, {"model": "opros.userinput", "pk": 21, "fields": {"user_name": "hfdgh", "random_list": "", "user_number": 432, "result": false}}, {"model": "opros.userinput", "pk": 22, "fields": {"user_name": "erwt", "random_list": "", "user_number": 3214, "result": true}}, {"model": "opros.userinput", "pk": 23, "fields": {"user_name": "qwsad", "random_list": "", "user_number": 4321, "result": true}}, {"model": "opros.userinput", "pk": 24, "fields": {"user_name": "ASD", "random_list": "", "user_number": 423, "result": false}}, {"model": "opros.userinput", "pk": 25, "fields": {"user_name": "ASDsdf", "random_list": "", "user_number": 3342, "result": false}}, {"model": "opros.userinput", "pk": 26, "fields": {"user_name": "ASDsdf", "random_list": "", "user_number": 3342, "result": false}}, {"model": "opros.userinput", "pk": 27, "fields": {"user_name": "ASDsdf", "random_list": "", "user_number": 3342, "result": false}}, {"model": "opros.userinput", "pk": 28, "fields": {"user_name": "ASDsdf", "random_list": "", "user_number": 3342, "result": false}}, {"model": "opros.userinput", "pk": 29, "fields": {"user_name": "ASDsdf", "random_list": "", "user_number": 3342, "result": false}}, {"model": "opros.userinput", "pk": 30, "fields": {"user_name": "вфывв", "random_list": "", "user_number": 234, "result": false}}, {"model": "opros.userinput", "pk": 31, "fields": {"user_name": "вфыввss", "random_list": "", "user_number": 23423, "result": true}}, {"model": "opros.userinput", "pk": 32, "fields": {"user_name": "вфыввssddd", "random_list": "", "user_number": 234232, "result": true}}, {"model": "opros.userinput", "pk": 33, "fields": {"user_name": "вфыввssddd56", "random_list": "", "user_number": 258, "result": false}}, {"model": "opros.userinput", "pk": 34, "fields": {"user_name": "casdcf", "random_list": "", "user_number": 21345, "result": false}}, {"model": "opros.userinput", "pk": 35, "fields": {"user_name": "casdcf53", "random_list": "", "user_number": 5321345, "result": false}}, {"model": "opros.userinput", "pk": 36, "fields": {"user_name": "casdcf53", "random_list": "", "user_number": 5321345, "result": false}}, {"model": "opros.userinput", "pk": 37, "fields": {"user_name": "casdcf53", "random_list": "", "user_number": 5321345, "result": true}}, {"model": "opros.userinput", "pk": 38, "fields": {"user_name": "casdcf53", "random_list": "", "user_number": 5321345, "result": false}}, {"model": "opros.userinput", "pk": 39, "fields": {"user_name": "casdcf53", "random_list": "", "user_number": 5321345, "result": false}}, {"model": "opros.userinput", "pk": 40, "fields": {"user_name": "casdcf53", "random_list": "", "user_number": 5321345, "result": true}}, {"model": "opros.userinput", "pk": 41, "fields": {"user_name": "casdcf53", "random_list": "", "user_number": 5321345, "result": false}}, {"model": "opros.userinput", "pk": 42, "fields": {"user_name": "Shax", "random_list": "", "user_number": 57394, "result": false}}, {"model": "opros.userinput", "pk": 43, "fields": {"user_name": "Shax", "random_list": "", "user_number": 57394, "result": true}}, {"model": "opros.userinput", "pk": 44, "fields": {"user_name": "casdcf53", "random_list": "", "user_number": 33, "result": true}}, {"model": "opros.userinput", "pk": 45, "fields": {"user_name": "shax", "random_list": "", "user_number": 1233, "result": false}}, {"model": "opros.userinput", "pk": 46, "fields": {"user_name": "shax", "random_list": "", "user_number": 345, "result": false}}, {"model": "opros.userinput", "pk": 47, "fields": {"user_name": "shax", "random_list": "", "user_number": 123, "result": false}}, {"model": "opros.userinput", "pk": 48, "fields": {"user_name": "shax", "random_list": "", "user_number": 12345, "result": false}}, {"model": "opros.userinput", "pk": 49, "fields": {"user_name": "shax", "random_list": "", "user_number": 12345, "result": false}}, {"model": "opros.userinput", "pk": 50, "fields": {"user_name": "dssad231", "random_list": "", "user_number": 321, "result": false}}, {"model": "opros.userinput", "pk": 51, "fields": {"user_name": "piton pytonich", "random_list": "", "user_number": 55, "result": false}}, {"model": "opros.userinput", "pk": 52, "fields": {"user_name": "shax", "random_list": "", "user_number": 6, "result": false}}, {"model": "opros.userinput", "pk": 53, "fields": {"user_name": "rdtjgh", "random_list": "", "user_number": 675, "result": false}}, {"model": "opros.userinput", "pk": 54, "fields": {"user_name": "sgsfd", "random_list": "", "user_number": 4545, "result": false}}, {"model": "opros.userinput", "pk": 55, "fields": {"user_name": "ooo", "random_list": "", "user_number": 0, "result": false}}, {"model": "opros.userinput", "pk": 56, "fields": {"user_name": "899", "random_list": "", "user_number": 89, "result": false}}, {"model": "opros.userinput", "pk": 57, "fields": {"user_name": "shax", "random_list": "", "user_number": 9, "result": false}}, {"model": "opros.userinput", "pk": 58, "fields": {"user_name": "shax", "random_list": "", "user_number": 99, "result": false}}, {"model": "opros.userinput", "pk": 59, "fields": {"user_name": "dasdaas", "random_list": "", "user_number": 33, "result": false}}, {"model": "opros.userinput", "pk": 60, "fields": {"user_name": "shax", "random_list": "", "user_number": 756, "result": false}}, {"model": "opros.userinput", "pk": 61, "fields": {"user_name": "7567", "random_list": "", "user_number": 58657, "result": false}}, {"model": "opros.userinput", "pk": 62, "fields": {"user_name": "shax", "random_list": "", "user_number": 5, "result": false}}, {"model": "opros.userinput", "pk": 63, "fields": {"user_name": "shax", "random_list": "", "user_number": 5, "result": false}}, {"model": "opros.userinput", "pk": 64, "fields": {"user_name": "ppp", "random_list": "", "user_number": 0, "result": false}}, {"model": "opros.userinput", "pk": 65, "fields": {"user_name": "ppp", "random_list": "", "user_number": 0, "result": false}}, {"model": "opros.userinput", "pk": 66, "fields": {"user_name": "323", "random_list": "", "user_number": 555, "result": true}}, {"model": "opros.userinput", "pk": 67, "fields": {"user_name": "щшщ", "random_list": "", "user_number": 989, "result": false}}, {"model": "opros.userinput", "pk": 68, "fields": {"user_name": "ээ.э", "random_list": "", "user_number": 909, "result": false}}, {"model": "opros.userinput", "pk": 69, "fields": {"user_name": "Shaxboz", "random_list": "", "user_number": 57394, "result": true}}, {"model": "opros.userinput", "pk": 70, "fields": {"user_name": "fhfgch", "random_list": "", "user_number": 656456, "result": false}}, {"model": "opros.userinput", "pk": 71, "fields": {"user_name": "eeee", "random_list": "", "user_number": 1, "result": true}}, {"model": "opros.userinput", "pk": 72, "fields": {"user_name": "Shaxboz", "random_list": "", "user_number": 575655, "result": false}}, {"model": "opros.userinput", "pk": 73, "fields": {"user_name": "Shaxboz", "random_list": "", "user_number": 575655, "result": false}}, {"model": "opros.userinput", "pk": 74, "fields": {"user_name": "svsc", "random_list": "", "user_number": 5435, "result": false}}, {"model": "opros.userinput", "pk": 75, "fields": {"user_name": "tdgdf", "random_list": "", "user_number": 4667, "result": false}}, {"model": "opros.userinput", "pk": 76, "fields": {"user_name": "ttt", "random_list": "", "user_number": 41, "result": false}}, {"model": "opros.userinput", "pk": 77, "fields": {"user_name": "sffsdf", "random_list": "", "user_number": 545, "result": false}}, {"model": "opros.userinput", "pk": 78, "fields": {"user_name": "cbcvb", "random_list": "", "user_number": 454654, "result": false}}, {"model": "opros.userinput", "pk": 79, "fields": {"user_name": "5454", "random_list": "", "user_number": 54545, "result": false}}, {"model": "opros.userinput", "pk": 80, "fields": {"user_name": "jkll", "random_list": "", "user_number": 989, "result": false}}, {"model": "opros.userinput", "pk": 81, "fields": {"user_name": "khjkhjk", "random_list": "", "user_number": 87878, "result": false}}, {"model": "opros.userinput", "pk": 82, "fields": {"user_name": "hfghfg7", "random_list": "", "user_number": 676767, "result": false}}, {"model": "opros.userinput", "pk": 83, "fields": {"user_name": "shax", "random_list": "", "user_number": 999, "result": true}}, {"model": "opros.userinput", "pk": 84, "fields": {"user_name": "shax", "random_list": "", "user_number": 999, "result": false}}, {"model": "opros.userinput", "pk": 85, "fields": {"user_name": "shax", "random_list": "", "user_number": 999, "result": false}}, {"model": "opros.userinput", "pk": 86, "fields": {"user_name": "shax", "random_list": "", "user_number": 999, "result": false}}, {"model": "opros.userinput", "pk": 87, "fields": {"user_name": "shax", "random_list": "", "user_number": 999, "result": false}}, {"model": "opros.userinput", "pk": 88, "fields": {"user_name": "shax", "random_list": "", "user_number": 999, "result": false}}, {"model": "opros.userinput", "pk": 89, "fields": {"user_name": "shax", "random_list": "", "user_number": 999, "result": false}}, {"model": "opros.userinput", "pk": 90, "fields": {"user_name": "Турсунбой", "random_list": "", "user_number": 1234, "result": true}}, {"model": "opros.userinput", "pk": 91, "fields": {"user_name": "shax", "random_list": "[8, 10, 7, 3, 4, 5, 9, 1, 6, 2]", "user_number": 3434, "result": false}}, {"model": "opros.results", "pk": 1, "fields": {"user_results": true, "user_input": 15}}]